"","total","SE"
"grpd_region1North",339926,25757.6109207382
"grpd_region1West",242568,21742.7831255474
"grpd_region1East",237787,20855.6519061648
"grpd_region1London and South East",453755,33349.8727489061
