"","total","SE"
"grpd_region1North",164191,19883.8684725944
"grpd_region1West",180304,21157.2944720077
"grpd_region1East",154917,18070.6239977825
"grpd_region1London and South East",425986,36918.9852439204
