"","total","SE"
"grpd_region1North",372428,26213.8029075881
"grpd_region1West",271693,25194.7074866525
"grpd_region1East",200546,17741.1289832219
"grpd_region1London and South East",429548,39940.1496523677
