"","total","SE"
"grpd_region1North",120941,14183.001312176
"grpd_region1West",138537,19888.8313494898
"grpd_region1East",148717,17386.2142694568
"grpd_region1London and South East",344815,32804.7037621865
