"","total","SE"
"grpd_region1North",128100,16733.8748115174
"grpd_region1West",122737,15674.9987303902
"grpd_region1East",129177,15360.5442599659
"grpd_region1London and South East",349215,33520.2812884887
