"","total","SE"
"grpd_region1North",133722,17061.182954541
"grpd_region1West",129394,16181.0483262256
"grpd_region1East",129177,15360.5442599659
"grpd_region1London and South East",366848,34050.23601093
