"","total","SE"
"grpd_region1North",364617,27810.4151979654
"grpd_region1West",298341,27137.376145998
"grpd_region1East",226965,20794.509725843
"grpd_region1London and South East",600084,51794.1899361098
