"","total","SE"
"grpd_region1North",295707,24033.5462835888
"grpd_region1West",227809,23558.2194142994
"grpd_region1East",247303,21543.016857775
"grpd_region1London and South East",560048,41424.4839890523
