"","total","SE"
"grpd_region1North",187273,20625.7750986387
"grpd_region1West",187506,21735.0330497233
"grpd_region1East",168956,18747.255107148
"grpd_region1London and South East",444263,43062.9617194138
