"","total","SE"
"grpd_region1North",148106,19185.1532039513
"grpd_region1West",170024,20603.7264799216
"grpd_region1East",155027,18079.3910323838
"grpd_region1London and South East",407058,36361.3587178477
